Workbook

Sheet TN
A1: 25A. Themenkreise rund um das Web Dauer: halbe Woche (Montag bis Mittwochmorgen)
A2: Nr. | B2: Nachname | C2: Vorname | D2: Gruppe | E2: Latex Template | F2: Platz | G2: Platz | H2: Mention | I2: Klasse | J2: CHF 29.15 bezahlt | K2: Kommentar
A3: 1 | B3: Amacker | C3: Loris Alexander | D3: 4 | E3: =C3&" "&B3 &"/"&G3&"/"&H3&"," -> Loris Alexander Amacker/2. Platz/{herausragendes }, | F3: =_xlfn.XLOOKUP(D3,'Bewertung Projekte'!$C$3:$H$3,'Bewertung Projekte'!$C$16:$H$16) -> 2 | G3: =IF(F3<4,F3&". Platz", "Honorable Mention") -> 2. Platz | H3: =IF(ISERR(FIND("Platz",G3)),"","{herausragendes }") -> {herausragendes } | I3: 1f | J3: x
A4: 2 | B4: Baik | C4: Jan Sebastian | D4: 2 | E4: =C4&" "&B4 &"/"&G4&"/"&H4&"," -> Jan Sebastian Baik/Honorable Mention/, | F4: =_xlfn.XLOOKUP(D4,'Bewertung Projekte'!$C$3:$H$3,'Bewertung Projekte'!$C$16:$H$16) -> 5 | G4: =IF(F4<4,F4&". Platz", "Honorable Mention") -> Honorable Mention | H4: =IF(ISERR(FIND("Platz",G4)),"","{herausragendes }") | I4: 2f | J4: x | K4: GA
A5: 3 | B5: Beck | C5: Dennis | D5: 1 | E5: =C5&" "&B5 &"/"&G5&"/"&H5&"," -> Dennis Beck/3. Platz/{herausragendes }, | F5: =_xlfn.XLOOKUP(D5,'Bewertung Projekte'!$C$3:$H$3,'Bewertung Projekte'!$C$16:$H$16) -> 3 | G5: =IF(F5<4,F5&". Platz", "Honorable Mention") -> 3. Platz | H5: =IF(ISERR(FIND("Platz",G5)),"","{herausragendes }") -> {herausragendes } | I5: 1f | J5: x
A6: 4 | B6: Boss | C6: Florian | D6: 5 | E6: =C6&" "&B6 &"/"&G6&"/"&H6&"," -> Florian Boss/1. Platz/{herausragendes }, | F6: =_xlfn.XLOOKUP(D6,'Bewertung Projekte'!$C$3:$H$3,'Bewertung Projekte'!$C$16:$H$16) -> 1 | G6: =IF(F6<4,F6&". Platz", "Honorable Mention") -> 1. Platz | H6: =IF(ISERR(FIND("Platz",G6)),"","{herausragendes }") -> {herausragendes } | I6: 1a | J6: x
A7: 5 | B7: Ceccon | C7: Matteo Esteban | D7: 5 | E7: =C7&" "&B7 &"/"&G7&"/"&H7&"," -> Matteo Esteban Ceccon/1. Platz/{herausragendes }, | F7: =_xlfn.XLOOKUP(D7,'Bewertung Projekte'!$C$3:$H$3,'Bewertung Projekte'!$C$16:$H$16) -> 1 | G7: =IF(F7<4,F7&". Platz", "Honorable Mention") -> 1. Platz | H7: =IF(ISERR(FIND("Platz",G7)),"","{herausragendes }") -> {herausragendes } | I7: 1f | J7: x
A8: 6 | B8: Debrunner | C8: Marcel | D8: 4 | E8: =C8&" "&B8 &"/"&G8&"/"&H8&"," -> Marcel Debrunner/2. Platz/{herausragendes }, | F8: =_xlfn.XLOOKUP(D8,'Bewertung Projekte'!$C$3:$H$3,'Bewertung Projekte'!$C$16:$H$16) -> 2 | G8: =IF(F8<4,F8&". Platz", "Honorable Mention") -> 2. Platz | H8: =IF(ISERR(FIND("Platz",G8)),"","{herausragendes }") -> {herausragendes } | I8: 1f | J8: x
A9: 7 | B9: Fischer | C9: Felix | D9: 3 | E9: =C9&" "&B9 &"/"&G9&"/"&H9&"," -> Felix Fischer/Honorable Mention/, | F9: =_xlfn.XLOOKUP(D9,'Bewertung Projekte'!$C$3:$H$3,'Bewertung Projekte'!$C$16:$H$16) -> 6 | G9: =IF(F9<4,F9&". Platz", "Honorable Mention") -> Honorable Mention | H9: =IF(ISERR(FIND("Platz",G9)),"","{herausragendes }") | I9: 1f | J9: x
A10: 8 | B10: Flückiger | C10: Lina | D10: 6 | E10: =C10&" "&B10 &"/"&G10&"/"&H10&"," -> Lina Flückiger/Honorable Mention/, | F10: =_xlfn.XLOOKUP(D10,'Bewertung Projekte'!$C$3:$H$3,'Bewertung Projekte'!$C$16:$H$16) -> 4 | G10: =IF(F10<4,F10&". Platz", "Honorable Mention") -> Honorable Mention | H10: =IF(ISERR(FIND("Platz",G10)),"","{herausragendes }") | I10: 1a | J10: x
A11: 9 | B11: Fullagar | C11: Beatrice | D11: 6 | E11: =C11&" "&B11 &"/"&G11&"/"&H11&"," -> Beatrice Fullagar/Honorable Mention/, | F11: =_xlfn.XLOOKUP(D11,'Bewertung Projekte'!$C$3:$H$3,'Bewertung Projekte'!$C$16:$H$16) -> 4 | G11: =IF(F11<4,F11&". Platz", "Honorable Mention") -> Honorable Mention | H11: =IF(ISERR(FIND("Platz",G11)),"","{herausragendes }") | I11: 2a | J11: x
A12: 10 | B12: Graf | C12: Niclas | D12: 3 | E12: =C12&" "&B12 &"/"&G12&"/"&H12&"," -> Niclas Graf/Honorable Mention/, | F12: =_xlfn.XLOOKUP(D12,'Bewertung Projekte'!$C$3:$H$3,'Bewertung Projekte'!$C$16:$H$16) -> 6 | G12: =IF(F12<4,F12&". Platz", "Honorable Mention") -> Honorable Mention | H12: =IF(ISERR(FIND("Platz",G12)),"","{herausragendes }") | I12: 1f | J12: x
A13: 11 | B13: Knoblauch | C13: Ikarus | D13: 2 | E13: =C13&" "&B13 &"/"&G13&"/"&H13&"," -> Ikarus Knoblauch/Honorable Mention/, | F13: =_xlfn.XLOOKUP(D13,'Bewertung Projekte'!$C$3:$H$3,'Bewertung Projekte'!$C$16:$H$16) -> 5 | G13: =IF(F13<4,F13&". Platz", "Honorable Mention") -> Honorable Mention | H13: =IF(ISERR(FIND("Platz",G13)),"","{herausragendes }") | I13: 2f | J13: x
A14: 12 | B14: Rognon | C14: Bernard | D14: 4 | E14: =C14&" "&B14 &"/"&G14&"/"&H14&"," -> Bernard Rognon/2. Platz/{herausragendes }, | F14: =_xlfn.XLOOKUP(D14,'Bewertung Projekte'!$C$3:$H$3,'Bewertung Projekte'!$C$16:$H$16) -> 2 | G14: =IF(F14<4,F14&". Platz", "Honorable Mention") -> 2. Platz | H14: =IF(ISERR(FIND("Platz",G14)),"","{herausragendes }") -> {herausragendes } | I14: 1f | J14: x
A15: 13 | B15: Schmid | C15: Lenny Matteo | D15: 5 | E15: =C15&" "&B15 &"/"&G15&"/"&H15&"," -> Lenny Matteo Schmid/1. Platz/{herausragendes }, | F15: =_xlfn.XLOOKUP(D15,'Bewertung Projekte'!$C$3:$H$3,'Bewertung Projekte'!$C$16:$H$16) -> 1 | G15: =IF(F15<4,F15&". Platz", "Honorable Mention") -> 1. Platz | H15: =IF(ISERR(FIND("Platz",G15)),"","{herausragendes }") -> {herausragendes } | I15: 1f | J15: x
A16: 14 | B16: Schöner | C16: Julius | D16: 1 | E16: =C16&" "&B16 &"/"&G16&"/"&H16&"," -> Julius Schöner/3. Platz/{herausragendes }, | F16: =_xlfn.XLOOKUP(D16,'Bewertung Projekte'!$C$3:$H$3,'Bewertung Projekte'!$C$16:$H$16) -> 3 | G16: =IF(F16<4,F16&". Platz", "Honorable Mention") -> 3. Platz | H16: =IF(ISERR(FIND("Platz",G16)),"","{herausragendes }") -> {herausragendes } | I16: 1f | J16: x
A17: 25B. Themenkreise rund um das Web Dauer: halbe Woche (Mittwochnachmittag bis Freitag)
A18: Nr. | B18: Nachname | C18: Vorname | D18: Gruppe | E18: Latex Template | F18: Platz | G18: Platz | H18: Mention | I18: Klasse | J18: CHF 27.70 bezahlt
A19: 1 | B19: Adorni | C19: Livio | D19: 1 | E19: =C19&" "&B19 &"/"&G19&"/"&H19&"," -> Livio Adorni/Honorable Mention/, | F19: =_xlfn.XLOOKUP(D19,'Bewertung Projekte'!$C$23:$J$23,'Bewertung Projekte'!$C$36:$J$36) -> 6 | G19: =IF(F19<4,F19&". Platz", "Honorable Mention") -> Honorable Mention | H19: =IF(ISERR(FIND("Platz",G19)),"","{herausragendes }") | I19: 1h
A20: 2 | B20: Billeter | C20: Jonas | D20: 5 | E20: =C20&" "&B20 &"/"&G20&"/"&H20&"," -> Jonas Billeter/Honorable Mention/, | F20: =_xlfn.XLOOKUP(D20,'Bewertung Projekte'!$C$23:$J$23,'Bewertung Projekte'!$C$36:$J$36) -> 4 | G20: =IF(F20<4,F20&". Platz", "Honorable Mention") -> Honorable Mention | H20: =IF(ISERR(FIND("Platz",G20)),"","{herausragendes }") | I20: 1g
A21: 3 | B21: Bloch | C21: Timo | D21: 3 | E21: =C21&" "&B21 &"/"&G21&"/"&H21&"," -> Timo Bloch/1. Platz/{herausragendes }, | F21: =_xlfn.XLOOKUP(D21,'Bewertung Projekte'!$C$23:$J$23,'Bewertung Projekte'!$C$36:$J$36) -> 1 | G21: =IF(F21<4,F21&". Platz", "Honorable Mention") -> 1. Platz | H21: =IF(ISERR(FIND("Platz",G21)),"","{herausragendes }") -> {herausragendes } | I21: 2g
A22: 4 | B22: Boogman | C22: Joris | D22: 3 | E22: =C22&" "&B22 &"/"&G22&"/"&H22&"," -> Joris Boogman/1. Platz/{herausragendes }, | F22: =_xlfn.XLOOKUP(D22,'Bewertung Projekte'!$C$23:$J$23,'Bewertung Projekte'!$C$36:$J$36) -> 1 | G22: =IF(F22<4,F22&". Platz", "Honorable Mention") -> 1. Platz | H22: =IF(ISERR(FIND("Platz",G22)),"","{herausragendes }") -> {herausragendes } | I22: 2c
A23: 5 | B23: Bretscher | C23: Tim | D23: 1 | E23: =C23&" "&B23 &"/"&G23&"/"&H23&"," -> Tim Bretscher/Honorable Mention/, | F23: =_xlfn.XLOOKUP(D23,'Bewertung Projekte'!$C$23:$J$23,'Bewertung Projekte'!$C$36:$J$36) -> 6 | G23: =IF(F23<4,F23&". Platz", "Honorable Mention") -> Honorable Mention | H23: =IF(ISERR(FIND("Platz",G23)),"","{herausragendes }") | I23: 1h
A24: 6 | B24: Haltinner | C24: Sophie Joy | D24: 2 | E24: =C24&" "&B24 &"/"&G24&"/"&H24&"," -> Sophie Joy Haltinner/2. Platz/{herausragendes }, | F24: =_xlfn.XLOOKUP(D24,'Bewertung Projekte'!$C$23:$J$23,'Bewertung Projekte'!$C$36:$J$36) -> 2 | G24: =IF(F24<4,F24&". Platz", "Honorable Mention") -> 2. Platz | H24: =IF(ISERR(FIND("Platz",G24)),"","{herausragendes }") -> {herausragendes } | I24: 2g
A25: 7 | B25: Hirsiger | C25: Julien | D25: 8 | E25: =C25&" "&B25 &"/"&G25&"/"&H25&"," -> Julien Hirsiger/Honorable Mention/, | F25: =_xlfn.XLOOKUP(D25,'Bewertung Projekte'!$C$23:$J$23,'Bewertung Projekte'!$C$36:$J$36) -> 8 | G25: =IF(F25<4,F25&". Platz", "Honorable Mention") -> Honorable Mention | H25: =IF(ISERR(FIND("Platz",G25)),"","{herausragendes }") | I25: 1c
A26: 8 | B26: Holzschuster | C26: Clemens | D26: 1 | E26: =C26&" "&B26 &"/"&G26&"/"&H26&"," -> Clemens Holzschuster/Honorable Mention/, | F26: =_xlfn.XLOOKUP(D26,'Bewertung Projekte'!$C$23:$J$23,'Bewertung Projekte'!$C$36:$J$36) -> 6 | G26: =IF(F26<4,F26&". Platz", "Honorable Mention") -> Honorable Mention | H26: =IF(ISERR(FIND("Platz",G26)),"","{herausragendes }") | I26: 1h
A27: 9 | B27: Kasongo Basuiye | C27: Carpie | D27: 6 | E27: =C27&" "&B27 &"/"&G27&"/"&H27&"," -> Carpie Kasongo Basuiye/3. Platz/{herausragendes }, | F27: =_xlfn.XLOOKUP(D27,'Bewertung Projekte'!$C$23:$J$23,'Bewertung Projekte'!$C$36:$J$36) -> 3 | G27: =IF(F27<4,F27&". Platz", "Honorable Mention") -> 3. Platz | H27: =IF(ISERR(FIND("Platz",G27)),"","{herausragendes }") -> {herausragendes } | I27: 1h
A28: 10 | B28: Lee | C28: Iman | D28: 6 | E28: =C28&" "&B28 &"/"&G28&"/"&H28&"," -> Iman Lee/3. Platz/{herausragendes }, | F28: =_xlfn.XLOOKUP(D28,'Bewertung Projekte'!$C$23:$J$23,'Bewertung Projekte'!$C$36:$J$36) -> 3 | G28: =IF(F28<4,F28&". Platz", "Honorable Mention") -> 3. Platz | H28: =IF(ISERR(FIND("Platz",G28)),"","{herausragendes }") -> {herausragendes } | I28: 1h
A29: 11 | B29: Leumann | C29: Vincent Eric | D29: 5 | E29: =C29&" "&B29 &"/"&G29&"/"&H29&"," -> Vincent Eric Leumann/Honorable Mention/, | F29: =_xlfn.XLOOKUP(D29,'Bewertung Projekte'!$C$23:$J$23,'Bewertung Projekte'!$C$36:$J$36) -> 4 | G29: =IF(F29<4,F29&". Platz", "Honorable Mention") -> Honorable Mention | H29: =IF(ISERR(FIND("Platz",G29)),"","{herausragendes }") | I29: 1g | K29: GA
A30: 12 | B30: Mostafa | C30: Nour el Zahra | D30: 6 | E30: =C30&" "&B30 &"/"&G30&"/"&H30&"," -> Nour el Zahra Mostafa/3. Platz/{herausragendes }, | F30: =_xlfn.XLOOKUP(D30,'Bewertung Projekte'!$C$23:$J$23,'Bewertung Projekte'!$C$36:$J$36) -> 3 | G30: =IF(F30<4,F30&". Platz", "Honorable Mention") -> 3. Platz | H30: =IF(ISERR(FIND("Platz",G30)),"","{herausragendes }") -> {herausragendes } | I30: 1h
A31: 13 | B31: Schnetzer | C31: Lenny | D31: 1 | E31: =C31&" "&B31 &"/"&G31&"/"&H31&"," -> Lenny Schnetzer/Honorable Mention/, | F31: =_xlfn.XLOOKUP(D31,'Bewertung Projekte'!$C$23:$J$23,'Bewertung Projekte'!$C$36:$J$36) -> 6 | G31: =IF(F31<4,F31&". Platz", "Honorable Mention") -> Honorable Mention | H31: =IF(ISERR(FIND("Platz",G31)),"","{herausragendes }") | I31: 1e
A32: 14 | B32: Schnyder | C32: Tom | D32: 4 | E32: =C32&" "&B32 &"/"&G32&"/"&H32&"," -> Tom Schnyder/Honorable Mention/, | F32: =_xlfn.XLOOKUP(D32,'Bewertung Projekte'!$C$23:$J$23,'Bewertung Projekte'!$C$36:$J$36) -> 7 | G32: =IF(F32<4,F32&". Platz", "Honorable Mention") -> Honorable Mention | H32: =IF(ISERR(FIND("Platz",G32)),"","{herausragendes }") | I32: 1g
A33: 15 | B33: Straumann | C33: Filippo | D33: 2 | E33: =C33&" "&B33 &"/"&G33&"/"&H33&"," -> Filippo Straumann/2. Platz/{herausragendes }, | F33: =_xlfn.XLOOKUP(D33,'Bewertung Projekte'!$C$23:$J$23,'Bewertung Projekte'!$C$36:$J$36) -> 2 | G33: =IF(F33<4,F33&". Platz", "Honorable Mention") -> 2. Platz | H33: =IF(ISERR(FIND("Platz",G33)),"","{herausragendes }") -> {herausragendes } | I33: 2g
A34: 16 | B34: Widler | C34: Yannick | D34: 4 | E34: =C34&" "&B34 &"/"&G34&"/"&H34&"," -> Yannick Widler/Honorable Mention/, | F34: =_xlfn.XLOOKUP(D34,'Bewertung Projekte'!$C$23:$J$23,'Bewertung Projekte'!$C$36:$J$36) -> 7 | G34: =IF(F34<4,F34&". Platz", "Honorable Mention") -> Honorable Mention | H34: =IF(ISERR(FIND("Platz",G34)),"","{herausragendes }") | I34: 1g
A35: 17 | B35: Domashenko | C35: Daniil | D35: 7 | E35: =C35&" "&B35 &"/"&G35&"/"&H35&"," -> Daniil Domashenko/Honorable Mention/, | F35: =_xlfn.XLOOKUP(D35,'Bewertung Projekte'!$C$23:$J$23,'Bewertung Projekte'!$C$36:$J$36) -> 4 | G35: =IF(F35<4,F35&". Platz", "Honorable Mention") -> Honorable Mention | H35: =IF(ISERR(FIND("Platz",G35)),"","{herausragendes }") | I35: 1e

Sheet Bewertung Projekte
A1: Durchführung 1
C2: Gruppe
A3: Punkte / Kriterium | B3: Bewertungskriterium | C3: 1 | D3: 2 | E3: 3 | F3: 4 | G3: 5 | H3: 6
A4: 1 | B4: Tabellen | C4: 1 | D4: 1 | E4: 0 | F4: 1 | G4: 1 | H4: 1
A5: 1 | B5: Listen (ol UND ul) | C5: 1 | D5: 0.5 | E5: 0 | F5: 0.5 | G5: 1 | H5: 1
A6: 1 | B6: Zitate | C6: 1 | D6: 1 | E6: 0 | F6: 1 | G6: 1 | H6: 0.5
A7: 1 | B7: Links | C7: 1 | D7: 1 | E7: 1 | F7: 1 | G7: 1 | H7: 1
A8: 1 | B8: 3 weitere HTML-Tags | C8: 1 | D8: 0 | E8: 1 | F8: 1 | G8: 1 | H8: 1
A9: 1 | B9: Stylesheet | C9: 1 | D9: 1 | E9: 1 | F9: 1 | G9: 1 | H9: 1
A10: 1 | B10: Bonus: Favicon | C10: 1 | D10: 0 | E10: 0 | F10: 0 | G10: 0 | H10: 0
A11: 2 | B11: Bonus: Design | C11: 0.5 | D11: 0.5 | E11: 0.5 | F11: 1.5 | G11: 2 | H11: 1
A12: 2 | B12: Bonus: JavaScript / Interaktiv | C12: 1 | D12: 0 | E12: 0 | F12: 1 | G12: 2 | H12: 0
A13: 2 | B13: Bonus: Vektor-Grafiken | C13: 0 | D13: 0 | E13: 0 | F13: 1 | G13: 0 | H13: 0
A14: 1 | B14: Inhalt gut verstanden & präsentiert | C14: 1 | D14: 1 | E14: 1 | F14: 1 | G14: 1 | H14: 1
A15: =SUM(A4:A14) -> 14 | B15: Gesamt-Punkte | C15: =SUM(C4:C14) -> 9.5 | D15: =SUM(D4:D14) -> 6 | E15: =SUM(E4:E14) -> 4.5 | F15: =SUM(F4:F14) -> 10 | G15: =SUM(G4:G14) -> 11 | H15: =SUM(H4:H14) -> 7.5
B16: Platz | C16: =RANK(C15,$C$15:$H$15) -> 3 | D16: =RANK(D15,$C$15:$H$15) -> 5 | E16: =RANK(E15,$C$15:$H$15) -> 6 | F16: =RANK(F15,$C$15:$H$15) -> 2 | G16: =RANK(G15,$C$15:$H$15) -> 1 | H16: =RANK(H15,$C$15:$H$15) -> 4
A21: Durchführung 2
C22: Gruppe
A23: Punkte / Kriterium | B23: Bewertungskriterium | C23: 1 | D23: 2 | E23: 3 | F23: 4 | G23: 5 | H23: 6 | I23: 7 | J23: 8
A24: 1 | B24: Tabellen | C24: 1 | D24: 1 | E24: 0 | F24: 1 | G24: 1 | H24: 1 | I24: 1 | J24: n/a
A25: 1 | B25: Listen (ol UND ul) | C25: 1 | D25: 1 | E25: 1 | F25: 1 | G25: 1 | H25: 1 | I25: 1
A26: 1 | B26: Zitate | C26: 1 | D26: 1 | E26: 0 | F26: 0 | G26: 1 | H26: 1 | I26: 0
A27: 1 | B27: Links | C27: 1 | D27: 1 | E27: 1 | F27: 1 | G27: 1 | H27: 1 | I27: 1
A28: 1 | B28: 3 weitere HTML-Tags | C28: 0 | D28: 0 | E28: 0 | F28: 0 | G28: 0 | H28: 0 | I28: 0
A29: 1 | B29: Stylesheet | C29: 0 | D29: 1 | E29: 1 | F29: 0 | G29: 1 | H29: 0.5 | I29: 1
A30: 1 | B30: Bonus: Favicon | C30: 0 | D30: 0 | E30: 1 | F30: 0 | G30: 0 | H30: 1 | I30: 1
A31: 2 | B31: Bonus: Design | C31: 0.5 | D31: 2 | E31: 2 | F31: 0.5 | G31: 1.5 | H31: 1.5 | I31: 1.5
A32: 2 | B32: Bonus: JavaScript / Interaktiv | C32: 0 | D32: 1 | E32: 1 | F32: 0 | G32: 0 | H32: 0 | I32: 0
A33: 2 | B33: Bonus: Vektor-Grafiken | C33: 0 | D33: 0 | E33: 1.5 | F33: 0 | G33: 0 | H33: 0 | I33: 0
A34: 1 | B34: Inhalt gut verstanden & präsentiert | C34: 1 | D34: 1 | E34: 1 | F34: 0.5 | G34: 1 | H34: 1 | I34: 1
A35: =SUM(A24:A34) -> 14 | B35: Gesamt-Punkte | C35: =SUM(C24:C34) -> 5.5 | D35: =SUM(D24:D34) -> 9 | E35: =SUM(E24:E34) -> 9.5 | F35: =SUM(F24:F34) -> 4 | G35: =SUM(G24:G34) -> 7.5 | H35: =SUM(H24:H34) -> 8 | I35: =SUM(I24:I34) -> 7.5 | J35: =SUM(J24:J34) -> 0
B36: Platz | C36: =RANK(C35,$C$35:$J$35) -> 6 | D36: =RANK(D35,$C$35:$J$35) -> 2 | E36: =RANK(E35,$C$35:$J$35) -> 1 | F36: =RANK(F35,$C$35:$J$35) -> 7 | G36: =RANK(G35,$C$35:$J$35) -> 4 | H36: =RANK(H35,$C$35:$J$35) -> 3 | I36: =RANK(I35,$C$35:$J$35) -> 4 | J36: =RANK(J35,$C$35:$J$35) -> 8

Sheet Kosten
A1: Kosten
A2: 5 | B2: Museumseintritt
A3: =146.25/(TN!A16+2) -> 9.140625 | B3: Führung
A4: 15 | B4: Zug
A5: =SUM(A2:A4) -> 29.140625 | B5: Total
A16: Kosten
A17: 5 | B17: Museumseintritt
A18: =146.25/(TN!A35+2) -> 7.6973684 | B18: Führung
A19: 15 | B19: Zug
A20: =SUM(A17:A19) -> 27.697368 | B20: Total
